Asus Prime Z370-A	LGA1151	ATX	4	64 GB	 (36)	$173.98	Add
MSI B350 PC MATE	AM4	ATX	4	64 GB	 (49)	$85.49	Add
MSI Z370-A PRO	LGA1151	ATX	4	64 GB	 (16)	$109.99	Add
Gigabyte B450M DS3H	AM4	Micro ATX	4	64 GB	 (9)	$76.88	Add
MSI B450 TOMAHAWK	AM4	ATX	4	64 GB	 (17)	$110.33	Add
Asus ROG STRIX Z390-E GAMING	LGA1151	ATX	4	64 GB	 (10)	$235.99	Add
Asus STRIX B350-F GAMING	AM4	ATX	4	64 GB	 (74)	$115.53	Add
Asus ROG STRIX B450-F GAMING	AM4	ATX	4	64 GB	 (22)	$129.00	Add
ASRock B450M-HDV	AM4	Micro ATX	2	32 GB	 (2)	$79.89	Add
Gigabyte X470 AORUS ULTRA GAMING	AM4	ATX	4	64 GB	 (18)	$119.99	Add
ASRock B450 Pro4	AM4	ATX	4	64 GB	 (4)	$93.88	Add
MSI Z370 GAMING PLUS	LGA1151	ATX	4	64 GB	 (6)	$119.99	Add
MSI B450 GAMING PRO CARBON AC	AM4	ATX	4	64 GB	 (10)	$139.99	Add
Asus PRIME B450M-A/CSM	AM4	Micro ATX	4	64 GB	 (9)	$68.99	Add
Gigabyte B360M DS3H	LGA1151	Micro ATX	4	64 GB	 (12)	$59.99	Add
Asus ROG MAXIMUS XI HERO (WI-FI)	LGA1151	ATX	4	64 GB	 (9)	$275.98	Add
MSI Z390-A PRO	LGA1151	ATX	4	64 GB	 (2)	$129.99	Add
Asus PRIME Z390-A	LGA1151	ATX	4	64 GB	 (0)	$182.90	Add
Asus Prime X470-Pro	AM4	ATX	4	64 GB	 (26)	$161.89	Add
ASRock B450M PRO4	AM4	Micro ATX	4	64 GB	 (7)	$82.68	Add
ASRock AB350 Pro4	AM4	ATX	4	64 GB	 (32)	$73.88	Add
Gigabyte GA-AB350-GAMING 3	AM4	ATX	4	64 GB	 (35)	$74.89	Add
Gigabyte Z390 AORUS PRO WIFI	LGA1151	ATX	4	64 GB	 (3)	$192.99	Add
MSI B350M GAMING PRO	AM4	Micro ATX	2	32 GB	 (38)	$78.98	Add
Asus ROG STRIX X470-F Gaming	AM4	ATX	4	64 GB	 (24)	$188.90	Add
MSI X470 GAMING PLUS	AM4	ATX	4	64 GB	 (9)	$129.56	Add
Asus ROG STRIX Z390-I GAMING	LGA1151	Mini ITX	2	32 GB	 (3)	$198.79	Add
Asus ROG Strix B450-I Gaming	AM4	Mini ITX	2	32 GB	 (2)	$152.01	Add
MSI B450I GAMING PLUS AC	AM4	Mini ITX	2	32 GB	 (5)	$119.99	Add
Gigabyte B450 AORUS PRO WIFI (rev. 1.0)	AM4	ATX	4	64 GB	 (11)	$119.89	Add
Asus PRIME A320M-K	AM4	Micro ATX	2	32 GB	 (6)	$62.58	Add
MSI B450M GAMING PLUS	AM4	Micro ATX	2	32 GB	 (2)	$84.99	Add
Gigabyte Z370P D3	LGA1151	ATX	4	64 GB	 (8)	$103.88	Add
Asus M5A78L-M PLUS/USB3	AM3+	Micro ATX	4	32 GB	 (14)	$64.40	Add
ASRock AB350M	AM4	Micro ATX	2	32 GB	 (12)	$63.88	Add
MSI MPG Z390 GAMING EDGE AC	LGA1151	ATX	4	64 GB	 (2)	$159.99	Add
Asus ROG STRIX Z370-F GAMING	LGA1151	ATX	4	64 GB	 (10)	$204.99	Add
Gigabyte B450 I AORUS PRO WIFI	AM4	Mini ITX	2	32 GB	 (7)	$119.99	Add
MSI MEG Z390 GODLIKE	LGA1151	EATX	4	64 GB	 (1)	$564.99	Add
MSI B450 Gaming Plus	AM4	ATX	4	64 GB	 (3)	$99.99	Add